{"ts": 1763475326.9237192, "score": 0.5613758659170663}
